contig	start	stop	binds_at	enrichment_ratio	average_contig_norm	std_contig_norm
PNRC100	115400	115949	115692	1.62133990394	0.699512130493	0.0	0.699512130493
PNRC100	116730	117147	116942	3.4755756151	0.699512130493	0.0	0.699512130493
PNRC200	144312	144623	144418	2.48439786898	0.740405594793	0.0619446320405	0.831429311387	0.711265094003	0.767415893975	0.729186872018	0.719273592044	0.674287698068	0.697656077042	0.659069342121	0.757275979331	0.730243727401	0.727353661251	0.693838820726	0.823050506247	0.890726996334	0.694010349951
PNRC200	147134	147621	147391	2.15587685809	0.740405594793	0.0619446320405	0.831429311387	0.711265094003	0.767415893975	0.729186872018	0.719273592044	0.674287698068	0.697656077042	0.659069342121	0.757275979331	0.730243727401	0.727353661251	0.693838820726	0.823050506247	0.890726996334	0.694010349951
PNRC200	159808	160122	159980	0.903791688342	0.740405594793	0.0619446320405	0.831429311387	0.711265094003	0.767415893975	0.729186872018	0.719273592044	0.674287698068	0.697656077042	0.659069342121	0.757275979331	0.730243727401	0.727353661251	0.693838820726	0.823050506247	0.890726996334	0.694010349951
PNRC200	162323	162757	162548	7.16609156708	0.740405594793	0.0619446320405	0.831429311387	0.711265094003	0.767415893975	0.729186872018	0.719273592044	0.674287698068	0.697656077042	0.659069342121	0.757275979331	0.730243727401	0.727353661251	0.693838820726	0.823050506247	0.890726996334	0.694010349951
PNRC200	166614	167170	166833	6.04152802244	0.740405594793	0.0619446320405	0.831429311387	0.711265094003	0.767415893975	0.729186872018	0.719273592044	0.674287698068	0.697656077042	0.659069342121	0.757275979331	0.730243727401	0.727353661251	0.693838820726	0.823050506247	0.890726996334	0.694010349951
PNRC200	168270	168620	168427	3.14268529038	0.740405594793	0.0619446320405	0.831429311387	0.711265094003	0.767415893975	0.729186872018	0.719273592044	0.674287698068	0.697656077042	0.659069342121	0.757275979331	0.730243727401	0.727353661251	0.693838820726	0.823050506247	0.890726996334	0.694010349951
PNRC200	208693	209093	208846	2.25560056616	0.740405594793	0.0619446320405	0.831429311387	0.711265094003	0.767415893975	0.729186872018	0.719273592044	0.674287698068	0.697656077042	0.659069342121	0.757275979331	0.730243727401	0.727353661251	0.693838820726	0.823050506247	0.890726996334	0.694010349951
PNRC200	212254	212542	212409	2.83125298411	0.740405594793	0.0619446320405	0.831429311387	0.711265094003	0.767415893975	0.729186872018	0.719273592044	0.674287698068	0.697656077042	0.659069342121	0.757275979331	0.730243727401	0.727353661251	0.693838820726	0.823050506247	0.890726996334	0.694010349951
PNRC200	220035	220414	220232	1.97760725184	0.740405594793	0.0619446320405	0.831429311387	0.711265094003	0.767415893975	0.729186872018	0.719273592044	0.674287698068	0.697656077042	0.659069342121	0.757275979331	0.730243727401	0.727353661251	0.693838820726	0.823050506247	0.890726996334	0.694010349951
PNRC200	222546	222914	222709	3.25517161678	0.740405594793	0.0619446320405	0.831429311387	0.711265094003	0.767415893975	0.729186872018	0.719273592044	0.674287698068	0.697656077042	0.659069342121	0.757275979331	0.730243727401	0.727353661251	0.693838820726	0.823050506247	0.890726996334	0.694010349951
PNRC200	223142	223489	223341	2.87138036142	0.740405594793	0.0619446320405	0.831429311387	0.711265094003	0.767415893975	0.729186872018	0.719273592044	0.674287698068	0.697656077042	0.659069342121	0.757275979331	0.730243727401	0.727353661251	0.693838820726	0.823050506247	0.890726996334	0.694010349951
PNRC200	223552	223885	223738	3.42908033011	0.740405594793	0.0619446320405	0.831429311387	0.711265094003	0.767415893975	0.729186872018	0.719273592044	0.674287698068	0.697656077042	0.659069342121	0.757275979331	0.730243727401	0.727353661251	0.693838820726	0.823050506247	0.890726996334	0.694010349951
PNRC200	229555	229956	229794	1.50549084859	0.740405594793	0.0619446320405	0.831429311387	0.711265094003	0.767415893975	0.729186872018	0.719273592044	0.674287698068	0.697656077042	0.659069342121	0.757275979331	0.730243727401	0.727353661251	0.693838820726	0.823050506247	0.890726996334	0.694010349951
PNRC200	240775	241069	240903	4.42077367841	0.740405594793	0.0619446320405	0.831429311387	0.711265094003	0.767415893975	0.729186872018	0.719273592044	0.674287698068	0.697656077042	0.659069342121	0.757275979331	0.730243727401	0.727353661251	0.693838820726	0.823050506247	0.890726996334	0.694010349951
PNRC200	241872	242432	242128	8.68697620054	0.740405594793	0.0619446320405	0.831429311387	0.711265094003	0.767415893975	0.729186872018	0.719273592044	0.674287698068	0.697656077042	0.659069342121	0.757275979331	0.730243727401	0.727353661251	0.693838820726	0.823050506247	0.890726996334	0.694010349951
PNRC200	243606	243991	243811	3.3217828215	0.740405594793	0.0619446320405	0.831429311387	0.711265094003	0.767415893975	0.729186872018	0.719273592044	0.674287698068	0.697656077042	0.659069342121	0.757275979331	0.730243727401	0.727353661251	0.693838820726	0.823050506247	0.890726996334	0.694010349951
PNRC200	244278	244609	244476	2.45143322918	0.740405594793	0.0619446320405	0.831429311387	0.711265094003	0.767415893975	0.729186872018	0.719273592044	0.674287698068	0.697656077042	0.659069342121	0.757275979331	0.730243727401	0.727353661251	0.693838820726	0.823050506247	0.890726996334	0.694010349951
PNRC200	244619	244903	244773	4.58504046074	0.740405594793	0.0619446320405	0.831429311387	0.711265094003	0.767415893975	0.729186872018	0.719273592044	0.674287698068	0.697656077042	0.659069342121	0.757275979331	0.730243727401	0.727353661251	0.693838820726	0.823050506247	0.890726996334	0.694010349951
PNRC200	245512	245904	245682	3.12289988493	0.740405594793	0.0619446320405	0.831429311387	0.711265094003	0.767415893975	0.729186872018	0.719273592044	0.674287698068	0.697656077042	0.659069342121	0.757275979331	0.730243727401	0.727353661251	0.693838820726	0.823050506247	0.890726996334	0.694010349951
PNRC200	246496	246892	246662	2.48459135427	0.740405594793	0.0619446320405	0.831429311387	0.711265094003	0.767415893975	0.729186872018	0.719273592044	0.674287698068	0.697656077042	0.659069342121	0.757275979331	0.730243727401	0.727353661251	0.693838820726	0.823050506247	0.890726996334	0.694010349951
PNRC200	248267	248576	248397	4.0471347981	0.740405594793	0.0619446320405	0.831429311387	0.711265094003	0.767415893975	0.729186872018	0.719273592044	0.674287698068	0.697656077042	0.659069342121	0.757275979331	0.730243727401	0.727353661251	0.693838820726	0.823050506247	0.890726996334	0.694010349951
PNRC200	8767	9497	8985	5.67209033604	0.766348023119	0.0655171075683	0.965720474236	0.74013177821	0.780431704319	0.749833833159	0.740679627041	0.754258943782	0.739973173356	0.705807444534	0.759823101052	0.733933726834	0.759234447788
PNRC200	20010	20445	20192	1.63499228907	0.766348023119	0.0655171075683	0.965720474236	0.74013177821	0.780431704319	0.749833833159	0.740679627041	0.754258943782	0.739973173356	0.705807444534	0.759823101052	0.733933726834	0.759234447788
PNRC200	22113	22741	22488	2.9028546631	0.766348023119	0.0655171075683	0.965720474236	0.74013177821	0.780431704319	0.749833833159	0.740679627041	0.754258943782	0.739973173356	0.705807444534	0.759823101052	0.733933726834	0.759234447788
PNRC200	29202	29719	29480	2.80030224525	0.766348023119	0.0655171075683	0.965720474236	0.74013177821	0.780431704319	0.749833833159	0.740679627041	0.754258943782	0.739973173356	0.705807444534	0.759823101052	0.733933726834	0.759234447788
PNRC200	41920	42320	42128	5.05536030341	0.766348023119	0.0655171075683	0.965720474236	0.74013177821	0.780431704319	0.749833833159	0.740679627041	0.754258943782	0.739973173356	0.705807444534	0.759823101052	0.733933726834	0.759234447788
PNRC200	57764	58087	57968	2.30080470365	0.766348023119	0.0655171075683	0.965720474236	0.74013177821	0.780431704319	0.749833833159	0.740679627041	0.754258943782	0.739973173356	0.705807444534	0.759823101052	0.733933726834	0.759234447788
PNRC200	71464	72036	71717	6.47294802172	0.766348023119	0.0655171075683	0.965720474236	0.74013177821	0.780431704319	0.749833833159	0.740679627041	0.754258943782	0.739973173356	0.705807444534	0.759823101052	0.733933726834	0.759234447788
PNRC200	92286	92539	92424	1.61714604859	0.766348023119	0.0655171075683	0.965720474236	0.74013177821	0.780431704319	0.749833833159	0.740679627041	0.754258943782	0.739973173356	0.705807444534	0.759823101052	0.733933726834	0.759234447788
PNRC200	97568	98019	97823	3.02373907726	0.766348023119	0.0655171075683	0.965720474236	0.74013177821	0.780431704319	0.749833833159	0.740679627041	0.754258943782	0.739973173356	0.705807444534	0.759823101052	0.733933726834	0.759234447788
Chromosome	12712	13113	12878	0.906232599577	0.767445087969	0.0326357919287	0.724464596575	0.816386778299	0.764467651185	0.764461325817
Chromosome	13985	14534	14268	1.71799959642	0.767445087969	0.0326357919287	0.724464596575	0.816386778299	0.764467651185	0.764461325817
Chromosome	23850	24274	24052	1.12252108502	0.767445087969	0.0326357919287	0.724464596575	0.816386778299	0.764467651185	0.764461325817
Chromosome	31321	32143	31703	3.32011441225	0.767445087969	0.0326357919287	0.724464596575	0.816386778299	0.764467651185	0.764461325817
Chromosome	32174	32534	32389	0.95028461256	0.767445087969	0.0326357919287	0.724464596575	0.816386778299	0.764467651185	0.764461325817
Chromosome	32634	33159	32898	1.32151507892	0.767445087969	0.0326357919287	0.724464596575	0.816386778299	0.764467651185	0.764461325817
Chromosome	33772	34152	34004	1.33871660049	0.767445087969	0.0326357919287	0.724464596575	0.816386778299	0.764467651185	0.764461325817
Chromosome	34284	34734	34460	0.744525547445	0.767445087969	0.0326357919287	0.724464596575	0.816386778299	0.764467651185	0.764461325817
Chromosome	35640	36071	35892	1.14771784232	0.767445087969	0.0326357919287	0.724464596575	0.816386778299	0.764467651185	0.764461325817
Chromosome	38476	38913	38715	1.27394291322	0.767445087969	0.0326357919287	0.724464596575	0.816386778299	0.764467651185	0.764461325817
Chromosome	40824	41516	41324	1.22166412988	0.767445087969	0.0326357919287	0.724464596575	0.816386778299	0.764467651185	0.764461325817
Chromosome	42897	43143	43038	1.12524669804	0.767445087969	0.0326357919287	0.724464596575	0.816386778299	0.764467651185	0.764461325817
Chromosome	43442	43940	43696	1.51347913504	0.767445087969	0.0326357919287	0.724464596575	0.816386778299	0.764467651185	0.764461325817
Chromosome	45197	45560	45365	1.4215472708	0.767445087969	0.0326357919287	0.724464596575	0.816386778299	0.764467651185	0.764461325817
Chromosome	54098	54609	54366	1.26985931505	0.767445087969	0.0326357919287	0.724464596575	0.816386778299	0.764467651185	0.764461325817
Chromosome	55122	55468	55311	1.17880658436	0.767445087969	0.0326357919287	0.724464596575	0.816386778299	0.764467651185	0.764461325817
Chromosome	57741	58137	58008	1.45086035738	0.767445087969	0.0326357919287	0.724464596575	0.816386778299	0.764467651185	0.764461325817
Chromosome	64675	65127	64905	1.74108763822	0.767445087969	0.0326357919287	0.724464596575	0.816386778299	0.764467651185	0.764461325817
Chromosome	65646	66185	65898	1.22281595626	0.767445087969	0.0326357919287	0.724464596575	0.816386778299	0.764467651185	0.764461325817
Chromosome	68505	69043	68734	1.41188185465	0.767445087969	0.0326357919287	0.724464596575	0.816386778299	0.764467651185	0.764461325817
Chromosome	78435	78872	78659	9.62169707847	0.767445087969	0.0326357919287	0.724464596575	0.816386778299	0.764467651185	0.764461325817
Chromosome	82346	82746	82560	2.23049599587	0.767445087969	0.0326357919287	0.724464596575	0.816386778299	0.764467651185	0.764461325817
Chromosome	84478	85111	84820	3.34941260235	0.767445087969	0.0326357919287	0.724464596575	0.816386778299	0.764467651185	0.764461325817
Chromosome	94657	94813	94688	1.25709701308	0.767445087969	0.0326357919287	0.724464596575	0.816386778299	0.764467651185	0.764461325817
Chromosome	95142	95733	95346	2.08233991511	0.767445087969	0.0326357919287	0.724464596575	0.816386778299	0.764467651185	0.764461325817
Chromosome	99051	99204	99162	1.10172725447	0.767445087969	0.0326357919287	0.724464596575	0.816386778299	0.764467651185	0.764461325817
Chromosome	102901	103480	103177	1.236638474	0.767445087969	0.0326357919287	0.724464596575	0.816386778299	0.764467651185	0.764461325817
Chromosome	108408	108879	108625	1.66077969649	0.767445087969	0.0326357919287	0.724464596575	0.816386778299	0.764467651185	0.764461325817
Chromosome	110432	110912	110624	5.17541962481	0.767445087969	0.0326357919287	0.724464596575	0.816386778299	0.764467651185	0.764461325817
Chromosome	114974	115463	115163	4.47086849986	0.767445087969	0.0326357919287	0.724464596575	0.816386778299	0.764467651185	0.764461325817
Chromosome	116153	116720	116326	1.28132472893	0.767445087969	0.0326357919287	0.724464596575	0.816386778299	0.764467651185	0.764461325817
Chromosome	118066	118424	118233	1.49191699489	0.767445087969	0.0326357919287	0.724464596575	0.816386778299	0.764467651185	0.764461325817
Chromosome	119015	119294	119119	1.14416448051	0.767445087969	0.0326357919287	0.724464596575	0.816386778299	0.764467651185	0.764461325817
Chromosome	119741	120188	119928	1.19909746596	0.767445087969	0.0326357919287	0.724464596575	0.816386778299	0.764467651185	0.764461325817
Chromosome	135143	135570	135344	9.09169316548	0.767445087969	0.0326357919287	0.724464596575	0.816386778299	0.764467651185	0.764461325817
Chromosome	142166	142502	142337	1.44871638142	0.767445087969	0.0326357919287	0.724464596575	0.816386778299	0.764467651185	0.764461325817
Chromosome	144146	144353	144256	2.32483894059	0.767445087969	0.0326357919287	0.724464596575	0.816386778299	0.764467651185	0.764461325817
Chromosome	144901	145255	145038	2.2209487158	0.767445087969	0.0326357919287	0.724464596575	0.816386778299	0.764467651185	0.764461325817
Chromosome	150810	151062	150932	2.7534269199	0.767445087969	0.0326357919287	0.724464596575	0.816386778299	0.764467651185	0.764461325817
Chromosome	165379	165797	165613	1.44383931862	0.767445087969	0.0326357919287	0.724464596575	0.816386778299	0.764467651185	0.764461325817
Chromosome	166087	166883	166581	3.3038897893	0.767445087969	0.0326357919287	0.724464596575	0.816386778299	0.764467651185	0.764461325817
Chromosome	166989	167582	167267	2.12543053961	0.767445087969	0.0326357919287	0.724464596575	0.816386778299	0.764467651185	0.764461325817
Chromosome	174858	175449	175076	1.27048989415	0.767445087969	0.0326357919287	0.724464596575	0.816386778299	0.764467651185	0.764461325817
Chromosome	175628	176031	175846	0.89371720705	0.767445087969	0.0326357919287	0.724464596575	0.816386778299	0.764467651185	0.764461325817
Chromosome	179960	180301	180134	0.944241276944	0.767445087969	0.0326357919287	0.724464596575	0.816386778299	0.764467651185	0.764461325817
Chromosome	180489	180818	180651	1.12413058111	0.767445087969	0.0326357919287	0.724464596575	0.816386778299	0.764467651185	0.764461325817
Chromosome	182400	182874	182612	1.08828754521	0.767445087969	0.0326357919287	0.724464596575	0.816386778299	0.764467651185	0.764461325817
Chromosome	183299	183725	183523	1.01729753203	0.767445087969	0.0326357919287	0.724464596575	0.816386778299	0.764467651185	0.764461325817
Chromosome	183793	184507	184174	1.02855518629	0.767445087969	0.0326357919287	0.724464596575	0.816386778299	0.764467651185	0.764461325817
Chromosome	190412	190758	190557	1.95393546441	0.767445087969	0.0326357919287	0.724464596575	0.816386778299	0.764467651185	0.764461325817
Chromosome	190923	191463	191203	1.81460900379	0.767445087969	0.0326357919287	0.724464596575	0.816386778299	0.764467651185	0.764461325817
Chromosome	196499	196811	196631	1.40445731215	0.767445087969	0.0326357919287	0.724464596575	0.816386778299	0.764467651185	0.764461325817
Chromosome	197300	197681	197517	2.0253481141	0.767445087969	0.0326357919287	0.724464596575	0.816386778299	0.764467651185	0.764461325817
Chromosome	209010	209524	209271	3.01787554321	0.767445087969	0.0326357919287	0.724464596575	0.816386778299	0.764467651185	0.764461325817
Chromosome	210687	211306	210958	4.17198348658	0.767445087969	0.0326357919287	0.724464596575	0.816386778299	0.764467651185	0.764461325817
Chromosome	211472	211986	211728	2.55819873596	0.767445087969	0.0326357919287	0.724464596575	0.816386778299	0.764467651185	0.764461325817
Chromosome	220857	221118	220992	3.04247168554	0.767445087969	0.0326357919287	0.724464596575	0.816386778299	0.764467651185	0.764461325817
Chromosome	221426	221829	221640	2.21512972804	0.767445087969	0.0326357919287	0.724464596575	0.816386778299	0.764467651185	0.764461325817
Chromosome	223138	223495	223289	2.73670459334	0.767445087969	0.0326357919287	0.724464596575	0.816386778299	0.764467651185	0.764461325817
Chromosome	237611	237981	237816	1.71204841829	0.767445087969	0.0326357919287	0.724464596575	0.816386778299	0.764467651185	0.764461325817
Chromosome	244400	244779	244567	2.07181024371	0.767445087969	0.0326357919287	0.724464596575	0.816386778299	0.764467651185	0.764461325817
Chromosome	246039	246438	246199	2.80049464138	0.767445087969	0.0326357919287	0.724464596575	0.816386778299	0.764467651185	0.764461325817
Chromosome	251730	252122	251894	1.85315011063	0.767445087969	0.0326357919287	0.724464596575	0.816386778299	0.764467651185	0.764461325817
Chromosome	253466	254030	253646	2.23276907189	0.767445087969	0.0326357919287	0.724464596575	0.816386778299	0.764467651185	0.764461325817
Chromosome	267094	267544	267366	5.66341036179	0.767445087969	0.0326357919287	0.724464596575	0.816386778299	0.764467651185	0.764461325817
Chromosome	272635	273001	272849	1.74805028518	0.767445087969	0.0326357919287	0.724464596575	0.816386778299	0.764467651185	0.764461325817
Chromosome	282605	282895	282766	1.79423906924	0.767445087969	0.0326357919287	0.724464596575	0.816386778299	0.764467651185	0.764461325817
Chromosome	283968	284458	284176	2.90758474576	0.767445087969	0.0326357919287	0.724464596575	0.816386778299	0.764467651185	0.764461325817
Chromosome	291452	291821	291656	1.68710700894	0.767445087969	0.0326357919287	0.724464596575	0.816386778299	0.764467651185	0.764461325817
Chromosome	293616	294034	293840	1.73367537313	0.767445087969	0.0326357919287	0.724464596575	0.816386778299	0.764467651185	0.764461325817
Chromosome	297032	297288	297146	1.89779339115	0.767445087969	0.0326357919287	0.724464596575	0.816386778299	0.764467651185	0.764461325817
Chromosome	303955	304362	304069	1.86596724119	0.767445087969	0.0326357919287	0.724464596575	0.816386778299	0.764467651185	0.764461325817
Chromosome	305063	305482	305251	6.38129097793	0.767445087969	0.0326357919287	0.724464596575	0.816386778299	0.764467651185	0.764461325817
Chromosome	307008	307452	307203	9.44495305164	0.767445087969	0.0326357919287	0.724464596575	0.816386778299	0.764467651185	0.764461325817
Chromosome	309062	309985	309373	3.72504325182	0.767445087969	0.0326357919287	0.724464596575	0.816386778299	0.764467651185	0.764461325817
Chromosome	326182	326583	326392	2.17196989702	0.767445087969	0.0326357919287	0.724464596575	0.816386778299	0.764467651185	0.764461325817
Chromosome	329779	330190	329948	1.97302158273	0.767445087969	0.0326357919287	0.724464596575	0.816386778299	0.764467651185	0.764461325817
Chromosome	333948	334568	334298	3.68496122188	0.767445087969	0.0326357919287	0.724464596575	0.816386778299	0.764467651185	0.764461325817
Chromosome	367720	368196	367919	1.79017301038	0.767445087969	0.0326357919287	0.724464596575	0.816386778299	0.764467651185	0.764461325817
Chromosome	380356	380637	380457	1.49447268619	0.767445087969	0.0326357919287	0.724464596575	0.816386778299	0.764467651185	0.764461325817
Chromosome	382259	382609	382393	1.76848221787	0.767445087969	0.0326357919287	0.724464596575	0.816386778299	0.764467651185	0.764461325817
Chromosome	385703	386132	385895	2.5205364084	0.767445087969	0.0326357919287	0.724464596575	0.816386778299	0.764467651185	0.764461325817
Chromosome	393525	393999	393714	2.58312696054	0.767445087969	0.0326357919287	0.724464596575	0.816386778299	0.764467651185	0.764461325817
Chromosome	395129	395755	395455	2.9374406524	0.767445087969	0.0326357919287	0.724464596575	0.816386778299	0.764467651185	0.764461325817
Chromosome	399597	400014	399799	2.25379182587	0.767445087969	0.0326357919287	0.724464596575	0.816386778299	0.764467651185	0.764461325817
Chromosome	400331	400671	400531	1.60963714397	0.767445087969	0.0326357919287	0.724464596575	0.816386778299	0.764467651185	0.764461325817
Chromosome	400699	401198	401026	3.35020100294	0.767445087969	0.0326357919287	0.724464596575	0.816386778299	0.764467651185	0.764461325817
Chromosome	404792	405153	404901	2.08347430746	0.767445087969	0.0326357919287	0.724464596575	0.816386778299	0.764467651185	0.764461325817
Chromosome	423965	424278	424105	1.52918848168	0.767445087969	0.0326357919287	0.724464596575	0.816386778299	0.764467651185	0.764461325817
Chromosome	425503	425818	425670	1.76325506863	0.767445087969	0.0326357919287	0.724464596575	0.816386778299	0.764467651185	0.764461325817
Chromosome	429964	430314	430225	3.1270548375	0.767445087969	0.0326357919287	0.724464596575	0.816386778299	0.764467651185	0.764461325817
Chromosome	430810	431160	430954	2.35095836087	0.767445087969	0.0326357919287	0.724464596575	0.816386778299	0.764467651185	0.764461325817
Chromosome	431324	431795	431601	3.97157634161	0.767445087969	0.0326357919287	0.724464596575	0.816386778299	0.764467651185	0.764461325817
Chromosome	445247	445670	445527	2.97029082774	0.767445087969	0.0326357919287	0.724464596575	0.816386778299	0.764467651185	0.764461325817
Chromosome	445676	445980	445721	1.62673418424	0.767445087969	0.0326357919287	0.724464596575	0.816386778299	0.764467651185	0.764461325817
Chromosome	449220	449625	449393	3.36326559314	0.767445087969	0.0326357919287	0.724464596575	0.816386778299	0.764467651185	0.764461325817
Chromosome	450317	450644	450450	1.57125315999	0.767445087969	0.0326357919287	0.724464596575	0.816386778299	0.764467651185	0.764461325817
Chromosome	451376	451876	451607	3.17230511646	0.767445087969	0.0326357919287	0.724464596575	0.816386778299	0.764467651185	0.764461325817
Chromosome	455121	455288	455186	2.3699045967	0.767445087969	0.0326357919287	0.724464596575	0.816386778299	0.764467651185	0.764461325817
Chromosome	459990	460523	460197	6.65441584497	0.767445087969	0.0326357919287	0.724464596575	0.816386778299	0.764467651185	0.764461325817
Chromosome	462716	463090	462868	1.98569587629	0.767445087969	0.0326357919287	0.724464596575	0.816386778299	0.764467651185	0.764461325817
Chromosome	465128	465309	465253	0.858682452945	0.767445087969	0.0326357919287	0.724464596575	0.816386778299	0.764467651185	0.764461325817
Chromosome	485023	485408	485224	1.7143273717	0.767445087969	0.0326357919287	0.724464596575	0.816386778299	0.764467651185	0.764461325817
Chromosome	495411	495796	495604	2.24033505155	0.767445087969	0.0326357919287	0.724464596575	0.816386778299	0.764467651185	0.764461325817
Chromosome	496956	497251	497089	1.95816437543	0.767445087969	0.0326357919287	0.724464596575	0.816386778299	0.764467651185	0.764461325817
Chromosome	498765	499098	498900	1.78504290969	0.767445087969	0.0326357919287	0.724464596575	0.816386778299	0.764467651185	0.764461325817
Chromosome	500956	501303	501078	1.70905724865	0.767445087969	0.0326357919287	0.724464596575	0.816386778299	0.764467651185	0.764461325817
Chromosome	502899	503332	503138	1.28880897337	0.767445087969	0.0326357919287	0.724464596575	0.816386778299	0.764467651185	0.764461325817
Chromosome	506248	506774	506482	3.07420331287	0.767445087969	0.0326357919287	0.724464596575	0.816386778299	0.764467651185	0.764461325817
Chromosome	516798	517339	517102	4.28156308779	0.767445087969	0.0326357919287	0.724464596575	0.816386778299	0.764467651185	0.764461325817
Chromosome	518985	519246	519124	1.7710973573	0.767445087969	0.0326357919287	0.724464596575	0.816386778299	0.764467651185	0.764461325817
Chromosome	522424	522802	522609	1.62391795777	0.767445087969	0.0326357919287	0.724464596575	0.816386778299	0.764467651185	0.764461325817
Chromosome	528430	528747	528605	1.5765796941	0.767445087969	0.0326357919287	0.724464596575	0.816386778299	0.764467651185	0.764461325817
Chromosome	540846	541265	541053	5.4415920501	0.767445087969	0.0326357919287	0.724464596575	0.816386778299	0.764467651185	0.764461325817
Chromosome	554222	554921	554412	5.86167565905	0.767445087969	0.0326357919287	0.724464596575	0.816386778299	0.764467651185	0.764461325817
Chromosome	557552	557962	557744	2.08142274321	0.767445087969	0.0326357919287	0.724464596575	0.816386778299	0.764467651185	0.764461325817
Chromosome	559502	559938	559753	5.25879328264	0.767445087969	0.0326357919287	0.724464596575	0.816386778299	0.764467651185	0.764461325817
Chromosome	567784	568412	568241	3.54716387381	0.767445087969	0.0326357919287	0.724464596575	0.816386778299	0.764467651185	0.764461325817
Chromosome	572107	572587	572347	4.41508240781	0.767445087969	0.0326357919287	0.724464596575	0.816386778299	0.764467651185	0.764461325817
Chromosome	575056	575360	575197	1.67832390664	0.767445087969	0.0326357919287	0.724464596575	0.816386778299	0.764467651185	0.764461325817
Chromosome	575885	576160	576028	1.52368170404	0.767445087969	0.0326357919287	0.724464596575	0.816386778299	0.764467651185	0.764461325817
Chromosome	577858	578308	578100	1.8524368785	0.767445087969	0.0326357919287	0.724464596575	0.816386778299	0.764467651185	0.764461325817
Chromosome	579224	579805	579524	2.14030092218	0.767445087969	0.0326357919287	0.724464596575	0.816386778299	0.764467651185	0.764461325817
Chromosome	582730	583162	583010	3.42151784709	0.767445087969	0.0326357919287	0.724464596575	0.816386778299	0.764467651185	0.764461325817
Chromosome	585104	585314	585221	1.59864323843	0.767445087969	0.0326357919287	0.724464596575	0.816386778299	0.764467651185	0.764461325817
Chromosome	590663	591058	590825	2.35837135837	0.767445087969	0.0326357919287	0.724464596575	0.816386778299	0.764467651185	0.764461325817
Chromosome	593690	594236	593985	2.07626102293	0.767445087969	0.0326357919287	0.724464596575	0.816386778299	0.764467651185	0.764461325817
Chromosome	597803	598319	598044	1.62501026357	0.767445087969	0.0326357919287	0.724464596575	0.816386778299	0.764467651185	0.764461325817
Chromosome	598629	599022	598876	2.33662717183	0.767445087969	0.0326357919287	0.724464596575	0.816386778299	0.764467651185	0.764461325817
Chromosome	603130	603690	603333	3.47035713022	0.767445087969	0.0326357919287	0.724464596575	0.816386778299	0.764467651185	0.764461325817
Chromosome	608018	608570	608331	7.03074829932	0.767445087969	0.0326357919287	0.724464596575	0.816386778299	0.764467651185	0.764461325817
Chromosome	619546	619887	619727	2.18207997367	0.767445087969	0.0326357919287	0.724464596575	0.816386778299	0.764467651185	0.764461325817
Chromosome	620391	620678	620578	1.79315056016	0.767445087969	0.0326357919287	0.724464596575	0.816386778299	0.764467651185	0.764461325817
Chromosome	634864	635328	635104	1.39300727567	0.767445087969	0.0326357919287	0.724464596575	0.816386778299	0.764467651185	0.764461325817
Chromosome	640333	640747	640549	2.14895717635	0.767445087969	0.0326357919287	0.724464596575	0.816386778299	0.764467651185	0.764461325817
Chromosome	644282	644621	644408	3.64207483182	0.767445087969	0.0326357919287	0.724464596575	0.816386778299	0.764467651185	0.764461325817
Chromosome	646364	646715	646533	2.21315811929	0.767445087969	0.0326357919287	0.724464596575	0.816386778299	0.764467651185	0.764461325817
Chromosome	650029	650323	650153	2.11655405405	0.767445087969	0.0326357919287	0.724464596575	0.816386778299	0.764467651185	0.764461325817
Chromosome	653989	654454	654247	3.30701229338	0.767445087969	0.0326357919287	0.724464596575	0.816386778299	0.764467651185	0.764461325817
Chromosome	663945	664487	664240	2.87504543142	0.767445087969	0.0326357919287	0.724464596575	0.816386778299	0.764467651185	0.764461325817
Chromosome	671846	672312	672084	2.04494164928	0.767445087969	0.0326357919287	0.724464596575	0.816386778299	0.764467651185	0.764461325817
Chromosome	676620	676862	676748	1.41052887735	0.767445087969	0.0326357919287	0.724464596575	0.816386778299	0.764467651185	0.764461325817
Chromosome	687069	687834	687456	15.8242092932	0.767445087969	0.0326357919287	0.724464596575	0.816386778299	0.764467651185	0.764461325817
Chromosome	689812	690096	689923	4.41536892844	0.767445087969	0.0326357919287	0.724464596575	0.816386778299	0.764467651185	0.764461325817
Chromosome	692609	692938	692817	3.63103556158	0.767445087969	0.0326357919287	0.724464596575	0.816386778299	0.764467651185	0.764461325817
Chromosome	701863	702231	702096	1.77853652425	0.767445087969	0.0326357919287	0.724464596575	0.816386778299	0.764467651185	0.764461325817
Chromosome	704734	705035	704864	1.55660086366	0.767445087969	0.0326357919287	0.724464596575	0.816386778299	0.764467651185	0.764461325817
Chromosome	710186	710538	710361	2.77714942122	0.767445087969	0.0326357919287	0.724464596575	0.816386778299	0.764467651185	0.764461325817
Chromosome	711999	712336	712143	1.6179018976	0.767445087969	0.0326357919287	0.724464596575	0.816386778299	0.764467651185	0.764461325817
Chromosome	720081	721070	720302	1.44231734146	0.767445087969	0.0326357919287	0.724464596575	0.816386778299	0.764467651185	0.764461325817
Chromosome	728694	729098	728823	1.86518942102	0.767445087969	0.0326357919287	0.724464596575	0.816386778299	0.764467651185	0.764461325817
Chromosome	729546	729917	729775	2.83239919465	0.767445087969	0.0326357919287	0.724464596575	0.816386778299	0.764467651185	0.764461325817
Chromosome	731162	731575	731518	1.70889045273	0.767445087969	0.0326357919287	0.724464596575	0.816386778299	0.764467651185	0.764461325817
Chromosome	731527	731877	731741	4.08194117044	0.767445087969	0.0326357919287	0.724464596575	0.816386778299	0.764467651185	0.764461325817
Chromosome	733333	733818	733668	2.96937281121	0.767445087969	0.0326357919287	0.724464596575	0.816386778299	0.764467651185	0.764461325817
Chromosome	734730	735187	734930	3.83680201814	0.767445087969	0.0326357919287	0.724464596575	0.816386778299	0.764467651185	0.764461325817
Chromosome	736568	737046	736791	1.74112987284	0.767445087969	0.0326357919287	0.724464596575	0.816386778299	0.764467651185	0.764461325817
Chromosome	737513	737874	737634	2.97489625145	0.767445087969	0.0326357919287	0.724464596575	0.816386778299	0.764467651185	0.764461325817
Chromosome	743000	743421	743252	1.87591104466	0.767445087969	0.0326357919287	0.724464596575	0.816386778299	0.764467651185	0.764461325817
Chromosome	744243	744763	744494	3.32185918086	0.767445087969	0.0326357919287	0.724464596575	0.816386778299	0.764467651185	0.764461325817
Chromosome	748514	748635	748600	1.00871826247	0.767445087969	0.0326357919287	0.724464596575	0.816386778299	0.764467651185	0.764461325817
Chromosome	748628	750344	749268	2.64430493902	0.767445087969	0.0326357919287	0.724464596575	0.816386778299	0.764467651185	0.764461325817
Chromosome	751049	751308	751179	0.855598655288	0.767445087969	0.0326357919287	0.724464596575	0.816386778299	0.764467651185	0.764461325817
Chromosome	753512	753927	753719	1.35220038749	0.767445087969	0.0326357919287	0.724464596575	0.816386778299	0.764467651185	0.764461325817
Chromosome	756886	757368	757142	1.07587936467	0.767445087969	0.0326357919287	0.724464596575	0.816386778299	0.764467651185	0.764461325817
Chromosome	757903	758296	758104	1.31143574526	0.767445087969	0.0326357919287	0.724464596575	0.816386778299	0.764467651185	0.764461325817
Chromosome	762432	762702	762570	1.56812163663	0.767445087969	0.0326357919287	0.724464596575	0.816386778299	0.764467651185	0.764461325817
Chromosome	765865	766166	766010	1.51349676353	0.767445087969	0.0326357919287	0.724464596575	0.816386778299	0.764467651185	0.764461325817
Chromosome	768288	769050	768784	3.89505416401	0.767445087969	0.0326357919287	0.724464596575	0.816386778299	0.764467651185	0.764461325817
Chromosome	770320	770767	770484	1.91555208435	0.767445087969	0.0326357919287	0.724464596575	0.816386778299	0.764467651185	0.764461325817
Chromosome	773086	773517	773258	1.3709635753	0.767445087969	0.0326357919287	0.724464596575	0.816386778299	0.764467651185	0.764461325817
Chromosome	775437	775781	775646	1.43191668284	0.767445087969	0.0326357919287	0.724464596575	0.816386778299	0.764467651185	0.764461325817
Chromosome	787488	787921	787742	3.22721589787	0.767445087969	0.0326357919287	0.724464596575	0.816386778299	0.764467651185	0.764461325817
Chromosome	796241	796556	796366	4.6062555457	0.767445087969	0.0326357919287	0.724464596575	0.816386778299	0.764467651185	0.764461325817
Chromosome	797931	798252	798078	1.52105298959	0.767445087969	0.0326357919287	0.724464596575	0.816386778299	0.764467651185	0.764461325817
Chromosome	804950	805373	805161	1.21753114567	0.767445087969	0.0326357919287	0.724464596575	0.816386778299	0.764467651185	0.764461325817
Chromosome	807624	807910	807782	1.25431881309	0.767445087969	0.0326357919287	0.724464596575	0.816386778299	0.764467651185	0.764461325817
Chromosome	830402	830792	830575	2.25163217113	0.767445087969	0.0326357919287	0.724464596575	0.816386778299	0.764467651185	0.764461325817
Chromosome	831145	831874	831667	1.89932633793	0.767445087969	0.0326357919287	0.724464596575	0.816386778299	0.764467651185	0.764461325817
Chromosome	833959	834555	834310	8.5274345768	0.767445087969	0.0326357919287	0.724464596575	0.816386778299	0.764467651185	0.764461325817
Chromosome	835824	835998	835937	1.41737763808	0.767445087969	0.0326357919287	0.724464596575	0.816386778299	0.764467651185	0.764461325817
Chromosome	838348	838802	838631	3.20095755694	0.767445087969	0.0326357919287	0.724464596575	0.816386778299	0.764467651185	0.764461325817
Chromosome	840446	840902	840674	1.76498955152	0.767445087969	0.0326357919287	0.724464596575	0.816386778299	0.764467651185	0.764461325817
Chromosome	847982	848322	848153	1.33369565217	0.767445087969	0.0326357919287	0.724464596575	0.816386778299	0.764467651185	0.764461325817
Chromosome	852779	853182	852995	1.96181830318	0.767445087969	0.0326357919287	0.724464596575	0.816386778299	0.764467651185	0.764461325817
Chromosome	853746	854031	853906	1.70406391108	0.767445087969	0.0326357919287	0.724464596575	0.816386778299	0.764467651185	0.764461325817
Chromosome	855311	855818	855564	2.23876036665	0.767445087969	0.0326357919287	0.724464596575	0.816386778299	0.764467651185	0.764461325817
Chromosome	858382	858741	858610	1.84063421829	0.767445087969	0.0326357919287	0.724464596575	0.816386778299	0.764467651185	0.764461325817
Chromosome	859830	860338	860106	2.09748508099	0.767445087969	0.0326357919287	0.724464596575	0.816386778299	0.764467651185	0.764461325817
Chromosome	862328	862781	862545	1.78157948718	0.767445087969	0.0326357919287	0.724464596575	0.816386778299	0.764467651185	0.764461325817
Chromosome	881362	881625	881523	1.82222697615	0.767445087969	0.0326357919287	0.724464596575	0.816386778299	0.764467651185	0.764461325817
Chromosome	881880	882417	882106	2.6968061674	0.767445087969	0.0326357919287	0.724464596575	0.816386778299	0.764467651185	0.764461325817
Chromosome	882623	882955	882806	1.57179096905	0.767445087969	0.0326357919287	0.724464596575	0.816386778299	0.764467651185	0.764461325817
Chromosome	886662	886992	886804	5.61121720776	0.767445087969	0.0326357919287	0.724464596575	0.816386778299	0.764467651185	0.764461325817
Chromosome	913120	913501	913360	2.03613494868	0.767445087969	0.0326357919287	0.724464596575	0.816386778299	0.764467651185	0.764461325817
Chromosome	915605	915944	915778	1.1298026999	0.767445087969	0.0326357919287	0.724464596575	0.816386778299	0.764467651185	0.764461325817
Chromosome	918628	918969	918756	2.14923279987	0.767445087969	0.0326357919287	0.724464596575	0.816386778299	0.764467651185	0.764461325817
Chromosome	920620	920929	920739	1.29812801932	0.767445087969	0.0326357919287	0.724464596575	0.816386778299	0.764467651185	0.764461325817
Chromosome	925137	925461	925342	2.09711495783	0.767445087969	0.0326357919287	0.724464596575	0.816386778299	0.764467651185	0.764461325817
Chromosome	943498	943895	943692	4.22228371149	0.767445087969	0.0326357919287	0.724464596575	0.816386778299	0.764467651185	0.764461325817
Chromosome	949708	950083	949879	2.29497932664	0.767445087969	0.0326357919287	0.724464596575	0.816386778299	0.764467651185	0.764461325817
Chromosome	950355	950776	950535	1.57423275334	0.767445087969	0.0326357919287	0.724464596575	0.816386778299	0.764467651185	0.764461325817
Chromosome	951087	951518	951300	1.67693059629	0.767445087969	0.0326357919287	0.724464596575	0.816386778299	0.764467651185	0.764461325817
Chromosome	954915	955258	955158	1.15005581247	0.767445087969	0.0326357919287	0.724464596575	0.816386778299	0.764467651185	0.764461325817
Chromosome	955193	955584	955380	1.67447139707	0.767445087969	0.0326357919287	0.724464596575	0.816386778299	0.764467651185	0.764461325817
Chromosome	958492	958873	958691	2.69605411499	0.767445087969	0.0326357919287	0.724464596575	0.816386778299	0.764467651185	0.764461325817
Chromosome	967698	968070	967896	1.88160715379	0.767445087969	0.0326357919287	0.724464596575	0.816386778299	0.764467651185	0.764461325817
Chromosome	972332	972711	972504	2.21601413812	0.767445087969	0.0326357919287	0.724464596575	0.816386778299	0.764467651185	0.764461325817
Chromosome	978386	978804	978602	1.50976533674	0.767445087969	0.0326357919287	0.724464596575	0.816386778299	0.764467651185	0.764461325817
Chromosome	979841	980212	980004	1.36329460014	0.767445087969	0.0326357919287	0.724464596575	0.816386778299	0.764467651185	0.764461325817
Chromosome	982990	983305	983102	1.45215281234	0.767445087969	0.0326357919287	0.724464596575	0.816386778299	0.764467651185	0.764461325817
Chromosome	983688	984150	983905	5.16759926827	0.767445087969	0.0326357919287	0.724464596575	0.816386778299	0.764467651185	0.764461325817
Chromosome	990283	991067	990835	5.09064885496	0.767445087969	0.0326357919287	0.724464596575	0.816386778299	0.764467651185	0.764461325817
Chromosome	1002550	1002986	1002797	8.1036408549	0.767445087969	0.0326357919287	0.724464596575	0.816386778299	0.764467651185	0.764461325817
Chromosome	1003899	1004193	1003995	1.83754729962	0.767445087969	0.0326357919287	0.724464596575	0.816386778299	0.764467651185	0.764461325817
Chromosome	1026576	1026887	1026753	1.87133437446	0.767445087969	0.0326357919287	0.724464596575	0.816386778299	0.764467651185	0.764461325817
Chromosome	1028337	1028788	1028570	1.94569384609	0.767445087969	0.0326357919287	0.724464596575	0.816386778299	0.764467651185	0.764461325817
Chromosome	1035969	1036520	1036348	2.61555673948	0.767445087969	0.0326357919287	0.724464596575	0.816386778299	0.764467651185	0.764461325817
Chromosome	1038868	1039138	1039052	1.94084278768	0.767445087969	0.0326357919287	0.724464596575	0.816386778299	0.764467651185	0.764461325817
Chromosome	1042817	1043215	1043056	4.73455730954	0.767445087969	0.0326357919287	0.724464596575	0.816386778299	0.764467651185	0.764461325817
Chromosome	1043465	1043775	1043624	1.46820849154	0.767445087969	0.0326357919287	0.724464596575	0.816386778299	0.764467651185	0.764461325817
Chromosome	1051792	1052332	1052080	7.62296290548	0.767445087969	0.0326357919287	0.724464596575	0.816386778299	0.764467651185	0.764461325817
Chromosome	1053739	1054005	1053915	1.82025582283	0.767445087969	0.0326357919287	0.724464596575	0.816386778299	0.764467651185	0.764461325817
Chromosome	1059894	1060510	1060242	9.50051902058	0.767445087969	0.0326357919287	0.724464596575	0.816386778299	0.764467651185	0.764461325817
Chromosome	1060532	1061002	1060770	1.50661993769	0.767445087969	0.0326357919287	0.724464596575	0.816386778299	0.764467651185	0.764461325817
Chromosome	1065499	1065730	1065627	1.26101880022	0.767445087969	0.0326357919287	0.724464596575	0.816386778299	0.764467651185	0.764461325817
Chromosome	1067929	1068280	1068117	1.74810982889	0.767445087969	0.0326357919287	0.724464596575	0.816386778299	0.764467651185	0.764461325817
Chromosome	1070153	1070634	1070406	4.2095309195	0.767445087969	0.0326357919287	0.724464596575	0.816386778299	0.764467651185	0.764461325817
Chromosome	1080384	1080773	1080543	3.42175925926	0.767445087969	0.0326357919287	0.724464596575	0.816386778299	0.764467651185	0.764461325817
Chromosome	1081895	1082191	1082083	1.36444769568	0.767445087969	0.0326357919287	0.724464596575	0.816386778299	0.764467651185	0.764461325817
Chromosome	1084855	1085096	1084963	1.20291446983	0.767445087969	0.0326357919287	0.724464596575	0.816386778299	0.764467651185	0.764461325817
Chromosome	1088905	1089315	1089134	1.21813705033	0.767445087969	0.0326357919287	0.724464596575	0.816386778299	0.764467651185	0.764461325817
Chromosome	1094714	1095313	1095130	1.88098720293	0.767445087969	0.0326357919287	0.724464596575	0.816386778299	0.764467651185	0.764461325817
Chromosome	1096021	1096327	1096192	1.22241096888	0.767445087969	0.0326357919287	0.724464596575	0.816386778299	0.764467651185	0.764461325817
Chromosome	1104115	1104415	1104278	7.64757314202	0.767445087969	0.0326357919287	0.724464596575	0.816386778299	0.764467651185	0.764461325817
Chromosome	1105730	1106050	1105828	1.75063505504	0.767445087969	0.0326357919287	0.724464596575	0.816386778299	0.764467651185	0.764461325817
Chromosome	1107678	1107981	1107778	1.4025523651	0.767445087969	0.0326357919287	0.724464596575	0.816386778299	0.764467651185	0.764461325817
Chromosome	1113423	1113766	1113563	2.65125	0.767445087969	0.0326357919287	0.724464596575	0.816386778299	0.764467651185	0.764461325817
Chromosome	1132597	1132929	1132822	2.98923325386	0.767445087969	0.0326357919287	0.724464596575	0.816386778299	0.764467651185	0.764461325817
Chromosome	1134289	1134715	1134509	2.13393464942	0.767445087969	0.0326357919287	0.724464596575	0.816386778299	0.764467651185	0.764461325817
Chromosome	1153841	1154344	1154104	2.96377912867	0.767445087969	0.0326357919287	0.724464596575	0.816386778299	0.764467651185	0.764461325817
Chromosome	1155664	1156114	1155909	4.40341553288	0.767445087969	0.0326357919287	0.724464596575	0.816386778299	0.764467651185	0.764461325817
Chromosome	1173821	1174008	1173928	2.09245859463	0.767445087969	0.0326357919287	0.724464596575	0.816386778299	0.764467651185	0.764461325817
Chromosome	1185927	1186345	1186106	2.39414040907	0.767445087969	0.0326357919287	0.724464596575	0.816386778299	0.764467651185	0.764461325817
Chromosome	1197499	1197761	1197617	1.83865115783	0.767445087969	0.0326357919287	0.724464596575	0.816386778299	0.764467651185	0.764461325817
Chromosome	1200370	1200864	1200629	2.33486683831	0.767445087969	0.0326357919287	0.724464596575	0.816386778299	0.764467651185	0.764461325817
Chromosome	1206955	1207242	1207050	2.01010668164	0.767445087969	0.0326357919287	0.724464596575	0.816386778299	0.764467651185	0.764461325817
Chromosome	1209153	1209564	1209323	1.54150975212	0.767445087969	0.0326357919287	0.724464596575	0.816386778299	0.764467651185	0.764461325817
Chromosome	1212163	1212635	1212387	5.00374875042	0.767445087969	0.0326357919287	0.724464596575	0.816386778299	0.764467651185	0.764461325817
Chromosome	1217302	1217708	1217502	1.4193190975	0.767445087969	0.0326357919287	0.724464596575	0.816386778299	0.764467651185	0.764461325817
Chromosome	1218481	1218913	1218705	1.53169083072	0.767445087969	0.0326357919287	0.724464596575	0.816386778299	0.764467651185	0.764461325817
Chromosome	1228635	1229727	1228844	2.24563897344	0.767445087969	0.0326357919287	0.724464596575	0.816386778299	0.764467651185	0.764461325817
Chromosome	1233319	1234159	1233813	1.05919705039	0.767445087969	0.0326357919287	0.724464596575	0.816386778299	0.764467651185	0.764461325817
Chromosome	1236613	1237088	1236805	2.18273921201	0.767445087969	0.0326357919287	0.724464596575	0.816386778299	0.764467651185	0.764461325817
Chromosome	1239318	1239711	1239502	2.00137379047	0.767445087969	0.0326357919287	0.724464596575	0.816386778299	0.764467651185	0.764461325817
Chromosome	1242359	1242808	1242589	2.38714444034	0.767445087969	0.0326357919287	0.724464596575	0.816386778299	0.764467651185	0.764461325817
Chromosome	1247254	1247601	1247429	3.73632796861	0.767445087969	0.0326357919287	0.724464596575	0.816386778299	0.764467651185	0.764461325817
Chromosome	1248427	1248831	1248602	2.11771505049	0.767445087969	0.0326357919287	0.724464596575	0.816386778299	0.764467651185	0.764461325817
Chromosome	1251084	1251342	1251196	1.55040685225	0.767445087969	0.0326357919287	0.724464596575	0.816386778299	0.764467651185	0.764461325817
Chromosome	1257669	1258311	1258138	5.54617997073	0.767445087969	0.0326357919287	0.724464596575	0.816386778299	0.764467651185	0.764461325817
Chromosome	1281451	1281819	1281630	1.24598906911	0.767445087969	0.0326357919287	0.724464596575	0.816386778299	0.764467651185	0.764461325817
Chromosome	1283525	1283955	1283762	1.4755048288	0.767445087969	0.0326357919287	0.724464596575	0.816386778299	0.764467651185	0.764461325817
Chromosome	1286377	1286691	1286553	4.38845840131	0.767445087969	0.0326357919287	0.724464596575	0.816386778299	0.764467651185	0.764461325817
Chromosome	1287793	1288162	1287989	2.12557886135	0.767445087969	0.0326357919287	0.724464596575	0.816386778299	0.764467651185	0.764461325817
Chromosome	1289016	1289387	1289221	2.32897788774	0.767445087969	0.0326357919287	0.724464596575	0.816386778299	0.764467651185	0.764461325817
Chromosome	1296248	1296684	1296503	3.22201997088	0.767445087969	0.0326357919287	0.724464596575	0.816386778299	0.764467651185	0.764461325817
Chromosome	1296767	1297228	1296990	3.48453995567	0.767445087969	0.0326357919287	0.724464596575	0.816386778299	0.764467651185	0.764461325817
Chromosome	1302211	1302743	1302435	1.29658595277	0.767445087969	0.0326357919287	0.724464596575	0.816386778299	0.764467651185	0.764461325817
Chromosome	1302972	1303422	1303218	1.46720701348	0.767445087969	0.0326357919287	0.724464596575	0.816386778299	0.764467651185	0.764461325817
Chromosome	1303767	1304227	1304030	1.8728457898	0.767445087969	0.0326357919287	0.724464596575	0.816386778299	0.764467651185	0.764461325817
Chromosome	1308925	1309280	1309128	1.30691399663	0.767445087969	0.0326357919287	0.724464596575	0.816386778299	0.764467651185	0.764461325817
Chromosome	1312089	1312407	1312272	2.88511534237	0.767445087969	0.0326357919287	0.724464596575	0.816386778299	0.764467651185	0.764461325817
Chromosome	1316239	1316688	1316438	1.97588017895	0.767445087969	0.0326357919287	0.724464596575	0.816386778299	0.764467651185	0.764461325817
Chromosome	1321016	1321503	1321235	4.24729009737	0.767445087969	0.0326357919287	0.724464596575	0.816386778299	0.764467651185	0.764461325817
Chromosome	1333225	1334012	1333722	2.93897396283	0.767445087969	0.0326357919287	0.724464596575	0.816386778299	0.764467651185	0.764461325817
Chromosome	1335100	1335323	1335207	1.04443827246	0.767445087969	0.0326357919287	0.724464596575	0.816386778299	0.764467651185	0.764461325817
Chromosome	1336548	1336972	1336813	3.0449419147	0.767445087969	0.0326357919287	0.724464596575	0.816386778299	0.764467651185	0.764461325817
Chromosome	1355935	1356532	1356234	3.66339516472	0.767445087969	0.0326357919287	0.724464596575	0.816386778299	0.764467651185	0.764461325817
Chromosome	1358459	1358922	1358675	2.59782664411	0.767445087969	0.0326357919287	0.724464596575	0.816386778299	0.764467651185	0.764461325817
Chromosome	1360075	1360433	1360286	1.76906236317	0.767445087969	0.0326357919287	0.724464596575	0.816386778299	0.764467651185	0.764461325817
Chromosome	1367622	1367827	1367726	1.73066635655	0.767445087969	0.0326357919287	0.724464596575	0.816386778299	0.764467651185	0.764461325817
Chromosome	1377740	1378124	1377999	4.3501339177	0.767445087969	0.0326357919287	0.724464596575	0.816386778299	0.764467651185	0.764461325817
Chromosome	1402674	1402843	1402739	2.63	0.767445087969	0.0326357919287	0.724464596575	0.816386778299	0.764467651185	0.764461325817
Chromosome	1410045	1410391	1410305	1.74564231137	0.767445087969	0.0326357919287	0.724464596575	0.816386778299	0.764467651185	0.764461325817
Chromosome	1412511	1412936	1412707	7.25385188155	0.767445087969	0.0326357919287	0.724464596575	0.816386778299	0.764467651185	0.764461325817
Chromosome	1414923	1415245	1415123	1.89930693858	0.767445087969	0.0326357919287	0.724464596575	0.816386778299	0.764467651185	0.764461325817
Chromosome	1420673	1421089	1420899	4.56435456435	0.767445087969	0.0326357919287	0.724464596575	0.816386778299	0.764467651185	0.764461325817
Chromosome	1424209	1424581	1424390	1.84430437325	0.767445087969	0.0326357919287	0.724464596575	0.816386778299	0.764467651185	0.764461325817
Chromosome	1433666	1434071	1433904	2.02779189968	0.767445087969	0.0326357919287	0.724464596575	0.816386778299	0.764467651185	0.764461325817
Chromosome	1460995	1461354	1461156	1.76439172825	0.767445087969	0.0326357919287	0.724464596575	0.816386778299	0.764467651185	0.764461325817
Chromosome	1466915	1467169	1466984	1.33047038048	0.767445087969	0.0326357919287	0.724464596575	0.816386778299	0.764467651185	0.764461325817
Chromosome	1474407	1475042	1474823	4.56431440046	0.767445087969	0.0326357919287	0.724464596575	0.816386778299	0.764467651185	0.764461325817
Chromosome	1476920	1477281	1477107	5.21519454177	0.767445087969	0.0326357919287	0.724464596575	0.816386778299	0.764467651185	0.764461325817
Chromosome	1478730	1479131	1478885	3.01366806137	0.767445087969	0.0326357919287	0.724464596575	0.816386778299	0.764467651185	0.764461325817
Chromosome	1485109	1485504	1485361	1.53879127608	0.767445087969	0.0326357919287	0.724464596575	0.816386778299	0.764467651185	0.764461325817
Chromosome	1493232	1493618	1493453	1.53407540787	0.767445087969	0.0326357919287	0.724464596575	0.816386778299	0.764467651185	0.764461325817
Chromosome	1496233	1496631	1496373	1.42829393092	0.767445087969	0.0326357919287	0.724464596575	0.816386778299	0.764467651185	0.764461325817
Chromosome	1499133	1499541	1499355	2.05270954203	0.767445087969	0.0326357919287	0.724464596575	0.816386778299	0.764467651185	0.764461325817
Chromosome	1500726	1501146	1500934	2.71506581595	0.767445087969	0.0326357919287	0.724464596575	0.816386778299	0.764467651185	0.764461325817
Chromosome	1501521	1501883	1501638	2.22598058921	0.767445087969	0.0326357919287	0.724464596575	0.816386778299	0.764467651185	0.764461325817
Chromosome	1507888	1508187	1508020	2.07150792849	0.767445087969	0.0326357919287	0.724464596575	0.816386778299	0.764467651185	0.764461325817
Chromosome	1511680	1512116	1511898	4.26470725232	0.767445087969	0.0326357919287	0.724464596575	0.816386778299	0.764467651185	0.764461325817
Chromosome	1514810	1515333	1515129	15.4393409885	0.767445087969	0.0326357919287	0.724464596575	0.816386778299	0.764467651185	0.764461325817
Chromosome	1528547	1528965	1528767	6.81977751691	0.767445087969	0.0326357919287	0.724464596575	0.816386778299	0.764467651185	0.764461325817
Chromosome	1541930	1542407	1542085	9.70927376915	0.767445087969	0.0326357919287	0.724464596575	0.816386778299	0.764467651185	0.764461325817
Chromosome	1543959	1544244	1544089	1.35190596792	0.767445087969	0.0326357919287	0.724464596575	0.816386778299	0.764467651185	0.764461325817
Chromosome	1545755	1546211	1546007	2.50495307612	0.767445087969	0.0326357919287	0.724464596575	0.816386778299	0.764467651185	0.764461325817
Chromosome	1549871	1550208	1549992	2.80977791729	0.767445087969	0.0326357919287	0.724464596575	0.816386778299	0.764467651185	0.764461325817
Chromosome	1551329	1551561	1551432	5.14788428325	0.767445087969	0.0326357919287	0.724464596575	0.816386778299	0.764467651185	0.764461325817
Chromosome	1558207	1558565	1558413	1.45540282315	0.767445087969	0.0326357919287	0.724464596575	0.816386778299	0.764467651185	0.764461325817
Chromosome	1566944	1567396	1567127	2.6507014373	0.767445087969	0.0326357919287	0.724464596575	0.816386778299	0.764467651185	0.764461325817
Chromosome	1569997	1570447	1570207	1.91882951654	0.767445087969	0.0326357919287	0.724464596575	0.816386778299	0.764467651185	0.764461325817
Chromosome	1580221	1580514	1580369	1.27054108216	0.767445087969	0.0326357919287	0.724464596575	0.816386778299	0.764467651185	0.764461325817
Chromosome	1583885	1584210	1584107	1.70544889129	0.767445087969	0.0326357919287	0.724464596575	0.816386778299	0.764467651185	0.764461325817
Chromosome	1588522	1588984	1588748	3.58051008755	0.767445087969	0.0326357919287	0.724464596575	0.816386778299	0.764467651185	0.764461325817
Chromosome	1593928	1594266	1594133	2.08166601791	0.767445087969	0.0326357919287	0.724464596575	0.816386778299	0.764467651185	0.764461325817
Chromosome	1596319	1596928	1596623	3.00034693749	0.767445087969	0.0326357919287	0.724464596575	0.816386778299	0.764467651185	0.764461325817
Chromosome	1607021	1607521	1607312	4.57289823464	0.767445087969	0.0326357919287	0.724464596575	0.816386778299	0.764467651185	0.764461325817
Chromosome	1609480	1610284	1609796	1.5963009104	0.767445087969	0.0326357919287	0.724464596575	0.816386778299	0.764467651185	0.764461325817
Chromosome	1610261	1610827	1610597	1.01987605382	0.767445087969	0.0326357919287	0.724464596575	0.816386778299	0.764467651185	0.764461325817
Chromosome	1613462	1613968	1613796	3.8835325317	0.767445087969	0.0326357919287	0.724464596575	0.816386778299	0.764467651185	0.764461325817
Chromosome	1620488	1620970	1620740	2.95314810902	0.767445087969	0.0326357919287	0.724464596575	0.816386778299	0.764467651185	0.764461325817
Chromosome	1627954	1628368	1628136	1.88930547019	0.767445087969	0.0326357919287	0.724464596575	0.816386778299	0.764467651185	0.764461325817
Chromosome	1633221	1633766	1633484	1.92552348613	0.767445087969	0.0326357919287	0.724464596575	0.816386778299	0.764467651185	0.764461325817
Chromosome	1657604	1657916	1657779	1.66308502199	0.767445087969	0.0326357919287	0.724464596575	0.816386778299	0.764467651185	0.764461325817
Chromosome	1666657	1667034	1666840	2.05237168936	0.767445087969	0.0326357919287	0.724464596575	0.816386778299	0.764467651185	0.764461325817
Chromosome	1679011	1679589	1679281	3.42013440165	0.767445087969	0.0326357919287	0.724464596575	0.816386778299	0.764467651185	0.764461325817
Chromosome	1680623	1680755	1680668	1.34549568661	0.767445087969	0.0326357919287	0.724464596575	0.816386778299	0.764467651185	0.764461325817
Chromosome	1693245	1693753	1693583	3.23699848669	0.767445087969	0.0326357919287	0.724464596575	0.816386778299	0.764467651185	0.764461325817
Chromosome	1710583	1711080	1710966	4.90579552854	0.767445087969	0.0326357919287	0.724464596575	0.816386778299	0.764467651185	0.764461325817
Chromosome	1718714	1719093	1718845	3.16333141376	0.767445087969	0.0326357919287	0.724464596575	0.816386778299	0.764467651185	0.764461325817
Chromosome	1722066	1722501	1722297	2.25234232176	0.767445087969	0.0326357919287	0.724464596575	0.816386778299	0.764467651185	0.764461325817
Chromosome	1744494	1745072	1744775	6.47626795777	0.767445087969	0.0326357919287	0.724464596575	0.816386778299	0.764467651185	0.764461325817
Chromosome	1745547	1745986	1745813	2.2933517219	0.767445087969	0.0326357919287	0.724464596575	0.816386778299	0.764467651185	0.764461325817
Chromosome	1757323	1757618	1757432	1.1108478803	0.767445087969	0.0326357919287	0.724464596575	0.816386778299	0.764467651185	0.764461325817
Chromosome	1776751	1777111	1776967	1.97585858586	0.767445087969	0.0326357919287	0.724464596575	0.816386778299	0.764467651185	0.764461325817
Chromosome	1806276	1807292	1806763	1.16405041579	0.767445087969	0.0326357919287	0.724464596575	0.816386778299	0.764467651185	0.764461325817
Chromosome	1810919	1811371	1811233	3.67944432839	0.767445087969	0.0326357919287	0.724464596575	0.816386778299	0.764467651185	0.764461325817
Chromosome	1815012	1815342	1815144	3.13803581118	0.767445087969	0.0326357919287	0.724464596575	0.816386778299	0.764467651185	0.764461325817
Chromosome	1826438	1827039	1826644	5.1536922645	0.767445087969	0.0326357919287	0.724464596575	0.816386778299	0.764467651185	0.764461325817
Chromosome	1830237	1830715	1830482	2.25145248646	0.767445087969	0.0326357919287	0.724464596575	0.816386778299	0.764467651185	0.764461325817
Chromosome	1834140	1834593	1834399	2.5082592122	0.767445087969	0.0326357919287	0.724464596575	0.816386778299	0.764467651185	0.764461325817
Chromosome	1835645	1836001	1835845	1.23058097988	0.767445087969	0.0326357919287	0.724464596575	0.816386778299	0.764467651185	0.764461325817
Chromosome	1846562	1846885	1846754	2.30333660451	0.767445087969	0.0326357919287	0.724464596575	0.816386778299	0.764467651185	0.764461325817
Chromosome	1849141	1849563	1849314	2.95662797801	0.767445087969	0.0326357919287	0.724464596575	0.816386778299	0.764467651185	0.764461325817
Chromosome	1861494	1861882	1861708	1.8526199605	0.767445087969	0.0326357919287	0.724464596575	0.816386778299	0.764467651185	0.764461325817
Chromosome	1863323	1864153	1863605	10.3792733874	0.767445087969	0.0326357919287	0.724464596575	0.816386778299	0.764467651185	0.764461325817
Chromosome	1864766	1865185	1864946	1.99753536748	0.767445087969	0.0326357919287	0.724464596575	0.816386778299	0.764467651185	0.764461325817
Chromosome	1867359	1867712	1867525	1.49733155437	0.767445087969	0.0326357919287	0.724464596575	0.816386778299	0.764467651185	0.764461325817
Chromosome	1874053	1874367	1874222	1.21102000248	0.767445087969	0.0326357919287	0.724464596575	0.816386778299	0.764467651185	0.764461325817
Chromosome	1876077	1876402	1876293	1.09521670784	0.767445087969	0.0326357919287	0.724464596575	0.816386778299	0.764467651185	0.764461325817
Chromosome	1876914	1877603	1877262	1.23423312126	0.767445087969	0.0326357919287	0.724464596575	0.816386778299	0.764467651185	0.764461325817
Chromosome	1878710	1879354	1879087	1.36231805048	0.767445087969	0.0326357919287	0.724464596575	0.816386778299	0.764467651185	0.764461325817
Chromosome	1880207	1881189	1880749	1.96923799256	0.767445087969	0.0326357919287	0.724464596575	0.816386778299	0.764467651185	0.764461325817
Chromosome	1881906	1882427	1882185	1.58062540823	0.767445087969	0.0326357919287	0.724464596575	0.816386778299	0.764467651185	0.764461325817
Chromosome	1889496	1889913	1889687	2.57909638554	0.767445087969	0.0326357919287	0.724464596575	0.816386778299	0.764467651185	0.764461325817
Chromosome	1906734	1906936	1906884	2.58438598157	0.767445087969	0.0326357919287	0.724464596575	0.816386778299	0.764467651185	0.764461325817
Chromosome	1906940	1907444	1907188	14.441972439	0.767445087969	0.0326357919287	0.724464596575	0.816386778299	0.764467651185	0.764461325817
Chromosome	1916476	1916904	1916716	3.73459563543	0.767445087969	0.0326357919287	0.724464596575	0.816386778299	0.764467651185	0.764461325817
Chromosome	1917203	1917594	1917383	2.79433147192	0.767445087969	0.0326357919287	0.724464596575	0.816386778299	0.764467651185	0.764461325817
Chromosome	1926512	1926876	1926715	1.5331061599	0.767445087969	0.0326357919287	0.724464596575	0.816386778299	0.764467651185	0.764461325817
Chromosome	1927256	1927692	1927498	1.99127315039	0.767445087969	0.0326357919287	0.724464596575	0.816386778299	0.764467651185	0.764461325817
Chromosome	1930290	1930471	1930390	1.25935283257	0.767445087969	0.0326357919287	0.724464596575	0.816386778299	0.764467651185	0.764461325817
Chromosome	1935677	1936241	1935987	2.47797765575	0.767445087969	0.0326357919287	0.724464596575	0.816386778299	0.764467651185	0.764461325817
Chromosome	1939955	1940316	1940103	1.82883063171	0.767445087969	0.0326357919287	0.724464596575	0.816386778299	0.764467651185	0.764461325817
Chromosome	1941364	1941650	1941477	1.71157558969	0.767445087969	0.0326357919287	0.724464596575	0.816386778299	0.764467651185	0.764461325817
Chromosome	1943299	1943854	1943650	2.11460821201	0.767445087969	0.0326357919287	0.724464596575	0.816386778299	0.764467651185	0.764461325817
Chromosome	1946027	1946452	1946244	1.55918698411	0.767445087969	0.0326357919287	0.724464596575	0.816386778299	0.764467651185	0.764461325817
Chromosome	1950502	1950850	1950650	1.96016158239	0.767445087969	0.0326357919287	0.724464596575	0.816386778299	0.764467651185	0.764461325817
Chromosome	1956943	1957590	1957143	2.35731121781	0.767445087969	0.0326357919287	0.724464596575	0.816386778299	0.764467651185	0.764461325817
Chromosome	1960114	1960670	1960354	1.83817835413	0.767445087969	0.0326357919287	0.724464596575	0.816386778299	0.764467651185	0.764461325817
Chromosome	1972005	1972369	1972177	1.76540629552	0.767445087969	0.0326357919287	0.724464596575	0.816386778299	0.764467651185	0.764461325817
Chromosome	1978908	1979388	1979153	2.48552707373	0.767445087969	0.0326357919287	0.724464596575	0.816386778299	0.764467651185	0.764461325817
Chromosome	1982705	1983036	1982850	2.63715252243	0.767445087969	0.0326357919287	0.724464596575	0.816386778299	0.764467651185	0.764461325817
Chromosome	1985846	1986170	1985957	1.51312039896	0.767445087969	0.0326357919287	0.724464596575	0.816386778299	0.764467651185	0.764461325817
Chromosome	1991717	1992051	1991964	1.62015613911	0.767445087969	0.0326357919287	0.724464596575	0.816386778299	0.764467651185	0.764461325817
Chromosome	1993821	1994120	1993958	1.33580717641	0.767445087969	0.0326357919287	0.724464596575	0.816386778299	0.764467651185	0.764461325817
Chromosome	2002096	2002754	2002401	4.50080856124	0.767445087969	0.0326357919287	0.724464596575	0.816386778299	0.764467651185	0.764461325817
Chromosome	2006724	2007026	2006855	1.19877375843	0.767445087969	0.0326357919287	0.724464596575	0.816386778299	0.764467651185	0.764461325817
Chromosome	2007517	2007966	2007670	1.80787892791	0.767445087969	0.0326357919287	0.724464596575	0.816386778299	0.764467651185	0.764461325817
Chromosome	2011208	2011781	2011476	1.55259380098	0.767445087969	0.0326357919287	0.724464596575	0.816386778299	0.764467651185	0.764461325817
Chromosome	2013546	2014070	2013865	1.71771054783	0.767445087969	0.0326357919287	0.724464596575	0.816386778299	0.764467651185	0.764461325817
PNRC100	147659	147880	147779	1.53344378874	0.760804312246	0.0	0.760804312246
PNRC100	148722	149055	148871	1.56795341298	0.760804312246	0.0	0.760804312246
PNRC100	148982	149287	149239	2.27300797667	0.760804312246	0.0	0.760804312246
